{"cameraMode":{"drawMode":0,"name":"Shaded","section":"Shading Mode"},"sceneLighting":false,"audioPlay":false,"sceneViewState":{"m_AlwaysRefresh":false,"showFog":true,"showSkybox":false,"showFlares":true,"showImageEffects":true,"showParticleSystems":true,"showVisualEffectGraphs":true,"m_FxEnabled":true},"in2DMode":false,"pivot":{"x":38.17888641357422,"y":4.537171840667725,"z":53.672943115234378},"rotation":{"x":-0.038682710379362109,"y":-0.002367884386330843,"z":-0.00015353345952462405,"w":0.9991922974586487},"size":25.495098114013673,"orthographic":false}