{"cameraMode":{"drawMode":0,"name":"Shaded","section":"Shading Mode"},"sceneLighting":false,"audioPlay":false,"sceneViewState":{"m_AlwaysRefresh":false,"showFog":true,"showSkybox":false,"showFlares":true,"showImageEffects":true,"showParticleSystems":true,"showVisualEffectGraphs":true,"m_FxEnabled":true},"in2DMode":false,"pivot":{"x":-2.380103349685669,"y":-16.945144653320314,"z":33.568504333496097},"rotation":{"x":0.2751650810241699,"y":-0.05849016457796097,"z":0.01671331748366356,"w":0.9594112038612366},"size":25.495098114013673,"orthographic":false}