{"cameraMode":{"drawMode":0,"name":"Shaded","section":"Shading Mode"},"sceneLighting":false,"audioPlay":false,"sceneViewState":{"m_AlwaysRefresh":false,"showFog":true,"showSkybox":false,"showFlares":true,"showImageEffects":true,"showParticleSystems":true,"showVisualEffectGraphs":true,"m_FxEnabled":true},"in2DMode":false,"pivot":{"x":-13.167248725891114,"y":-18.23043441772461,"z":18.964801788330079},"rotation":{"x":0.432424932718277,"y":0.01811857894062996,"z":-0.008760868571698666,"w":0.9013845324516296},"size":23.252166748046876,"orthographic":false}